Fecha,Jornada,Equipo Local,Equipo Visitante,Resultado
22/01/2026,1,Aldosivi,Defensa y Justicia,0-0
23/01/2026,1,Banfield,Huracán,1-1
23/01/2026,1,Unión de Santa Fe,Platense,0-0
23/01/2026,1,Central Córdoba SdE,Gimnasia de Mendoza,0-1
23/01/2026,1,Instituto de Córdoba,Vélez Sarsfield,0-1
23/01/2026,1,San Lorenzo,Lanús,2-3
24/01/2026,1,Independiente,Estudiantes,1-1
24/01/2026,1,Independiente Rivadavia,Atlético Tucumán,2-1
24/01/2026,1,Talleres de Córdoba,Newell's Old Boys,2-1
24/01/2026,1,Barracas Central,River Plate,0-1
24/01/2026,1,Gimnasia de La Plata,Racing Club,2-1
25/01/2026,1,Rosario Central,Belgrano de Córdoba,1-2
25/01/2026,1,Boca Juniors,Deportivo Riestra,1-0
26/01/2026,1,Argentinos Juniors,Sarmiento de Junín,1-0
26/01/2026,1,Tigre,Estudiantes de Río Cuarto,2-0
26/01/2026,2,Platense,Instituto de Córdoba,2-1
27/01/2026,2,Vélez Sarsfield,Talleres de Córdoba,2-1
28/01/2026,2,Huracán,Independiente Rivadavia,1-2
28/01/2026,2,Gimnasia de Mendoza,San Lorenzo,0-1
28/01/2026,2,Atlético Tucumán,Central Córdoba SdE,0-0
28/01/2026,2,Newell's Old Boys,Independiente,1-1
28/01/2026,2,Aldosivi,Barracas Central,0-0
28/01/2026,2,Racing Club,Rosario Central,1-2
29/01/2026,2,River Plate,Gimnasia de La Plata,2-0
29/01/2026,2,Estudiantes,Boca Juniors,2-1
29/01/2026,2,Deportivo Riestra,Defensa y Justicia,0-1
29/01/2026,2,Belgrano de Córdoba,Tigre,1-1
29/01/2026,2,Lanús,Unión de Santa Fe,2-1
30/01/2026,2,Sarmiento de Junín,Banfield,1-0
30/01/2026,2,Estudiantes de Río Cuarto,Argentinos Juniors,0-0
31/01/2026,3,San Lorenzo,Central Córdoba SdE,1-0
31/01/2026,3,Independiente,Vélez Sarsfield,1-1
01/02/2026,3,Atlético Tucumán,Huracán,1-1
01/02/2026,3,Talleres de Córdoba,Platense,1-2
01/02/2026,3,Barracas Central,Deportivo Riestra,1-1
01/02/2026,3,Boca Juniors,Newell's Old Boys,2-0
02/02/2026,3,Rosario Central,River Plate,0-0
02/02/2026,3,Gimnasia de La Plata,Aldosivi,3-1
02/02/2026,3,Tigre,Racing Club,3-1
02/02/2026,3,Defensa y Justicia,Estudiantes,0-0
03/02/2026,3,Argentinos Juniors,Belgrano de Córdoba,0-0
03/02/2026,3,Unión de Santa Fe,Gimnasia de Mendoza,4-0
03/02/2026,3,Banfield,Estudiantes de Río Cuarto,2-1
04/02/2026,3,Independiente Rivadavia,Sarmiento de Junín,2-1
04/02/2026,3,Instituto de Córdoba,Lanús,2-2
07/02/2026,4,Central Córdoba SdE,Unión de Santa Fe,1-0
07/02/2026,4,Aldosivi,Rosario Central,1-1
07/02/2026,4,Racing Club,Argentinos Juniors,2-1
08/02/2026,4,River Plate,Tigre,1-4
08/02/2026,4,Belgrano de Córdoba,Banfield,1-0
08/02/2026,4,Newell's Old Boys,Defensa y Justicia,2-3
08/02/2026,4,Sarmiento de Junín,Atlético Tucumán,2-1
08/02/2026,4,Platense,Independiente,0-1
08/02/2026,4,Huracán,San Lorenzo,1-0
09/02/2026,4,Gimnasia de Mendoza,Instituto de Córdoba,1-0
09/02/2026,4,Vélez Sarsfield,Boca Juniors,2-1
09/02/2026,4,Barracas Central,Gimnasia de La Plata,2-0
09/02/2026,4,Lanús,Talleres de Córdoba,1-1
09/02/2026,4,Estudiantes,Deportivo Riestra,1-0
10/02/2026,4,Estudiantes de Río Cuarto,Independiente Rivadavia,0-1
12/02/2026,5,Tigre,Aldosivi,1-0
13/02/2026,5,Argentinos Juniors,River Plate,1-0
14/02/2026,5,Independiente,Lanús,2-0
14/02/2026,5,Defensa y Justicia,Vélez Sarsfield,1-1
14/02/2026,5,Unión de Santa Fe,San Lorenzo,0-0
14/02/2026,5,Banfield,Racing Club,0-2
14/02/2026,5,Huracán,Sarmiento de Junín,1-0
14/02/2026,5,Talleres de Córdoba,Gimnasia de Mendoza,2-1
15/02/2026,5,Atlético Tucumán,Estudiantes de Río Cuarto,4-0
15/02/2026,5,Independiente Rivadavia,Belgrano de Córdoba,0-1
15/02/2026,5,Gimnasia de La Plata,Estudiantes,0-0
15/02/2026,5,Boca Juniors,Platense,0-0
16/02/2026,5,Instituto de Córdoba,Central Córdoba SdE,2-0
16/02/2026,5,Rosario Central,Barracas Central,2-0
16/02/2026,5,Deportivo Riestra,Newell's Old Boys,1-1
20/02/2026,6,Defensa y Justicia,Belgrano de Córdoba,1-1
20/02/2026,6,Estudiantes,Sarmiento de Junín,1-0
21/02/2026,6,Boca Juniors,Racing Club,0-0
21/02/2026,6,Instituto de Córdoba,Atlético Tucumán,2-1
21/02/2026,6,Gimnasia de Mendoza,Gimnasia de La Plata,0-1
21/02/2026,6,Rosario Central,Talleres de Córdoba,0-1
21/02/2026,6,Independiente Rivadavia,Independiente,3-2
21/02/2026,6,Platense,Barracas Central,1-0
21/02/2026,6,Banfield,Newell's Old Boys,3-0
21/02/2026,6,Deportivo Riestra,Huracán,0-0
22/02/2026,6,Argentinos Juniors,Lanús,
22/02/2026,6,Central Córdoba SdE,Tigre,0-0
22/02/2026,6,San Lorenzo,Estudiantes de Río Cuarto,2-0
22/02/2026,6,Vélez Sarsfield,River Plate,1-0
23/02/2026,6,Unión de Santa Fe,Aldosivi,1-0
24/02/2026,7,Platense,Defensa y Justicia,0-0
24/02/2026,7,San Lorenzo,Instituto de Córdoba,1-1
24/02/2026,7,Central Córdoba SdE,Talleres de Córdoba,2-0
25/02/2026,7,Belgrano de Córdoba,Atlético Tucumán,3-1
25/02/2026,7,Gimnasia de Mendoza,Independiente,1-1
25/02/2026,7,Barracas Central,Tigre,2-1
25/02/2026,7,Gimnasia de La Plata,Rosario Central,1-2
25/02/2026,7,Newell's Old Boys,Estudiantes,0-2
25/02/2026,7,Vélez Sarsfield,Deportivo Riestra,0-0
26/02/2026,7,Sarmiento de Junín,Unión de Santa Fe,1-3
26/02/2026,7,Racing Club,Independiente Rivadavia,1-1
26/02/2026,7,Estudiantes de Río Cuarto,Huracán,2-0
26/02/2026,7,River Plate,Banfield,3-1
05/03/2026,7,Lanús,Boca Juniors,0-3
07/03/2026,7,Aldosivi,Argentinos Juniors,
28/02/2026,8,Boca Juniors,Gimnasia de Mendoza,1-1
01/03/2026,8,Independiente,Central Córdoba SdE,2-0
01/03/2026,8,Talleres de Córdoba,San Lorenzo,0-0
01/03/2026,8,Newell's Old Boys,Rosario Central,0-2
01/03/2026,8,Argentinos Juniors,Barracas Central,1-1
01/03/2026,8,Instituto de Córdoba,Unión de Santa Fe,1-2
02/03/2026,8,Tigre,Gimnasia de La Plata,2-2
02/03/2026,8,Defensa y Justicia,Lanús,1-1
02/03/2026,8,Deportivo Riestra,Platense,0-0
02/03/2026,8,Estudiantes,Vélez Sarsfield,0-1
03/03/2026,8,Banfield,Aldosivi,2-0
03/03/2026,8,Independiente Rivadavia,River Plate,1-1
03/03/2026,8,Sarmiento de Junín,Estudiantes de Río Cuarto,1-0
03/03/2026,8,Huracán,Belgrano de Córdoba,3-1
04/03/2026,8,Atlético Tucumán,Racing Club,0-3
03/05/2026,9,Barracas Central,Banfield,
03/05/2026,9,Aldosivi,Independiente Rivadavia,
03/05/2026,9,Belgrano de Córdoba,Sarmiento de Junín,
03/05/2026,9,Lanús,Deportivo Riestra,
03/05/2026,9,San Lorenzo,Independiente,
03/05/2026,9,Central Córdoba SdE,Boca Juniors,
03/05/2026,9,Estudiantes de Río Cuarto,Instituto de Córdoba,
03/05/2026,9,Gimnasia de Mendoza,Defensa y Justicia,
03/05/2026,9,Gimnasia de La Plata,Argentinos Juniors,
03/05/2026,9,Platense,Estudiantes,
03/05/2026,9,Racing Club,Huracán,
03/05/2026,9,River Plate,Atlético Tucumán,
03/05/2026,9,Rosario Central,Tigre,
03/05/2026,9,Unión de Santa Fe,Talleres de Córdoba,
03/05/2026,9,Vélez Sarsfield,Newell's Old Boys,
10/03/2026,10,Tigre,Vélez Sarsfield,1-1
10/03/2026,10,Independiente,Unión de Santa Fe,4-4
11/03/2026,10,Sarmiento de Junín,44.,0-0
11/03/2026,10,Newell's Old Boys,43.,1-0
11/03/2026,10,Argentinos Juniors,Rosario Central,
11/03/2026,10,Banfield,Gimnasia de La Plata,
11/03/2026,10,Boca Juniors,San Lorenzo,
12/03/2026,10,Atlético Tucumán,Aldosivi,
12/03/2026,10,Independiente Rivadavia,Barracas Central,
12/03/2026,10,Defensa y Justicia,Central Córdoba SdE,
12/03/2026,10,Deportivo Riestra,Gimnasia de Mendoza,
12/03/2026,10,Estudiantes de Río Cuarto,Belgrano de Córdoba,
12/03/2026,10,Talleres de Córdoba,Instituto de Córdoba,
13/03/2026,10,Huracán,River Plate,
14/03/2026,10,Estudiantes,Lanús,
14/03/2026,11,Platense,Vélez Sarsfield,
15/03/2026,11,Rosario Central,Banfield,
15/03/2026,11,Gimnasia de La Plata,Independiente Rivadavia,
15/03/2026,11,Belgrano de Córdoba,Talleres de Córdoba,
15/03/2026,11,River Plate,Sarmiento de Junín,
16/03/2026,11,Tigre,Argentinos Juniors,
16/03/2026,11,Unión de Santa Fe,Boca Juniors,
16/03/2026,11,Barracas Central,Atlético Tucumán,
16/03/2026,11,Aldosivi,Huracán,
16/03/2026,11,San Lorenzo,Defensa y Justicia,
17/03/2026,11,Racing Club,Estudiantes de Río Cuarto,
17/03/2026,11,Instituto de Córdoba,Independiente,
17/03/2026,11,Lanús,Newell's Old Boys,
18/03/2026,11,Central Córdoba SdE,Deportivo Riestra,
18/03/2026,11,Gimnasia de Mendoza,Estudiantes,
21/03/2026,12,Atlético Tucumán,Gimnasia de La Plata,
21/03/2026,12,Banfield,Tigre,
21/03/2026,12,Vélez Sarsfield,Lanús,
21/03/2026,12,Defensa y Justicia,Unión de Santa Fe,
21/03/2026,12,Newell's Old Boys,Gimnasia de Mendoza,
22/03/2026,12,Independiente,Talleres de Córdoba,
22/03/2026,12,Belgrano de Córdoba,Racing Club,
22/03/2026,12,Sarmiento de Junín,Aldosivi,
22/03/2026,12,Estudiantes de Río Cuarto,River Plate,
23/03/2026,12,Boca Juniors,Instituto de Córdoba,
23/03/2026,12,Argentinos Juniors,Platense,
23/03/2026,12,Independiente Rivadavia,Rosario Central,
23/03/2026,12,Estudiantes,Central Córdoba SdE,
24/03/2026,12,Huracán,Barracas Central,
25/03/2026,12,Deportivo Riestra,San Lorenzo,
05/04/2026,13,Argentinos Juniors,Banfield,
05/04/2026,13,Barracas Central,Sarmiento de Junín,
05/04/2026,13,Aldosivi,Estudiantes de Río Cuarto,
05/04/2026,13,Lanús,Platense,
05/04/2026,13,San Lorenzo,Estudiantes,
05/04/2026,13,Tigre,Independiente Rivadavia,
05/04/2026,13,Central Córdoba SdE,Newell's Old Boys,
05/04/2026,13,Gimnasia de Mendoza,Vélez Sarsfield,
05/04/2026,13,Gimnasia de La Plata,Huracán,
05/04/2026,13,Independiente,Racing Club,
05/04/2026,13,Instituto de Córdoba,Defensa y Justicia,
05/04/2026,13,River Plate,Belgrano de Córdoba,
05/04/2026,13,Rosario Central,Atlético Tucumán,
05/04/2026,13,Talleres de Córdoba,Boca Juniors,
05/04/2026,13,Unión de Santa Fe,Deportivo Riestra,
12/04/2026,14,Atlético Tucumán,Tigre,
12/04/2026,14,Boca Juniors,Independiente,
12/04/2026,14,Belgrano de Córdoba,Aldosivi,
12/04/2026,14,Huracán,Rosario Central,
12/04/2026,14,Lanús,Banfield,
12/04/2026,14,Sarmiento de Junín,Gimnasia de La Plata,
12/04/2026,14,Defensa y Justicia,Talleres de Córdoba,
12/04/2026,14,Deportivo Riestra,Instituto de Córdoba,
12/04/2026,14,Estudiantes de Río Cuarto,Barracas Central,
12/04/2026,14,Estudiantes,Unión de Santa Fe,
12/04/2026,14,Independiente Rivadavia,Argentinos Juniors,
12/04/2026,14,Newell's Old Boys,San Lorenzo,
12/04/2026,14,Platense,Gimnasia de Mendoza,
12/04/2026,14,Racing Club,River Plate,
12/04/2026,14,Vélez Sarsfield,Central Córdoba SdE,
19/04/2026,15,Argentinos Juniors,Atlético Tucumán,
19/04/2026,15,Barracas Central,Belgrano de Córdoba,
19/04/2026,15,Aldosivi,Racing Club,
19/04/2026,15,Banfield,Independiente Rivadavia,
19/04/2026,15,San Lorenzo,Vélez Sarsfield,
19/04/2026,15,Tigre,Huracán,
19/04/2026,15,Central Córdoba SdE,Platense,
19/04/2026,15,Gimnasia de Mendoza,Lanús,
19/04/2026,15,Gimnasia de La Plata,Estudiantes de Río Cuarto,
19/04/2026,15,Independiente,Defensa y Justicia,
19/04/2026,15,Instituto de Córdoba,Estudiantes,
19/04/2026,15,River Plate,Boca Juniors,
19/04/2026,15,Rosario Central,Sarmiento de Junín,
19/04/2026,15,Talleres de Córdoba,Deportivo Riestra,
19/04/2026,15,Unión de Santa Fe,Newell's Old Boys,
26/04/2026,16,Atlético Tucumán,Banfield,
26/04/2026,16,Belgrano de Córdoba,Gimnasia de La Plata,
26/04/2026,16,Huracán,Argentinos Juniors,
26/04/2026,16,Lanús,Central Córdoba SdE,
26/04/2026,16,Sarmiento de Junín,Tigre,
26/04/2026,16,Defensa y Justicia,Boca Juniors,
26/04/2026,16,Deportivo Riestra,Independiente,
26/04/2026,16,Estudiantes de Río Cuarto,Rosario Central,
26/04/2026,16,Estudiantes,Talleres de Córdoba,
26/04/2026,16,Independiente Rivadavia,Gimnasia de Mendoza,
26/04/2026,16,Newell's Old Boys,Instituto de Córdoba,
26/04/2026,16,Platense,San Lorenzo,
26/04/2026,16,Racing Club,Barracas Central,
26/04/2026,16,River Plate,Aldosivi,
26/04/2026,16,Vélez Sarsfield,Unión de Santa Fe,
